search_input;search_term
Antwerpen;Supermarkt
Gent;Supermarkt
Brussel;Supermarkt
Mechelen;Supermarkt
Leuven;Supermarkt
Milan;Supermercato
Naples;Supermercato
Turin;Supermercato
Palermo;Supermercato
Genoa;Supermercato
Paris;Supermarché
Marseille;Supermarché
Lyon;Supermarché
Toulouse;Supermarché
Nice;Supermarché
Berlin;Supermarkt
Hamburg;Supermarkt
Munich;Supermarkt
Cologne;Supermarkt
Frankfurt am Main;Supermarkt
Madrid;Supermercado
Barcelona;Supermercado
Valencia;Supermercado
Seville;Supermercado
Zaragozza;Supermercado
Amsterdam;Supermarkt
Rotterdam;Supermarkt
Den Haag;Supermarkt
Utrecht;Supermarkt
Eindhoven;Supermarkt
Antwerpen;Restaurant
Gent;Restaurant
Brussel;Restaurant
Mechelen;Restaurant
Leuven;Restaurant
Milan;Ristorante
Naples;Ristorante
Turin;Ristorante
Palermo;Ristorante
Genoa;Ristorante
Paris;Restaurant
Marseille;Restaurant
Lyon;Restaurant
Toulouse;Restaurant
Nice;Restaurant
Berlin;Restaurant
Hamburg;Restaurant
Munich;Restaurant
Cologne;Restaurant
Frankfurt am Main;Restaurant
Madrid;Restaurante
Barcelona;Restaurante
Valencia;Restaurante
Seville;Restaurante
Zaragozza;Restaurante
Amsterdam;Restaurant
Rotterdam;Restaurant
Den Haag;Restaurant
Utrecht;Restaurant
Eindhoven;Restaurant
